timestamp,elapsed_sec,pid,rss_kb,vsz_kb,fd_count,threads
2025-12-26T21:13:31,0,28211,1792,68480,14,9
2025-12-26T21:13:36,5,28211,1792,68480,14,9
2025-12-26T21:13:41,10,28211,1792,68480,14,9
2025-12-26T21:13:46,15,28211,1792,68480,14,9
2025-12-26T21:13:51,20,28211,1792,68480,14,9
2025-12-26T21:13:56,25,28211,1792,68480,14,9
2025-12-26T21:14:01,30,28211,1792,68480,14,9
2025-12-26T21:14:06,35,28211,1792,68480,14,9
2025-12-26T21:14:11,40,28211,1792,68480,14,9
2025-12-26T21:14:16,45,28211,1792,68480,14,9
2025-12-26T21:14:22,50,28211,1792,68480,14,9
2025-12-26T21:14:27,56,28211,1792,68480,14,9
2025-12-26T21:14:32,61,28211,1792,68480,14,9
2025-12-26T21:14:37,66,28211,1792,68480,14,9
2025-12-26T21:14:42,71,28211,1792,68480,14,9
2025-12-26T21:14:47,76,28211,1792,68480,14,9
2025-12-26T21:14:52,81,28211,1792,68480,14,9
2025-12-26T21:14:57,86,28211,1792,68480,14,9
2025-12-26T21:15:02,91,28211,1792,68480,14,9
2025-12-26T21:15:07,96,28211,1792,68480,14,9
2025-12-26T21:15:12,101,28211,1792,68480,14,9
2025-12-26T21:15:17,106,28211,1792,68480,14,9
2025-12-26T21:15:22,111,28211,1792,68480,14,9
2025-12-26T21:15:27,116,28211,1792,68480,14,9
2025-12-26T21:15:32,121,28211,1792,68480,14,9
2025-12-26T21:15:37,126,28211,1792,68480,14,9
2025-12-26T21:15:42,131,28211,1792,68480,14,9
2025-12-26T21:15:47,136,28211,1792,68480,14,9
2025-12-26T21:15:52,141,28211,1792,68480,14,9
2025-12-26T21:15:57,146,28211,1792,68480,14,9
2025-12-26T21:16:02,151,28211,1792,68480,14,9
2025-12-26T21:16:07,156,28211,1792,68480,14,9
2025-12-26T21:16:12,161,28211,1792,68480,14,9
2025-12-26T21:16:17,166,28211,1792,68480,14,9
2025-12-26T21:16:22,171,28211,1792,68480,14,9
2025-12-26T21:16:28,176,28211,1792,68480,14,9
2025-12-26T21:16:33,182,28211,1792,68480,14,9
2025-12-26T21:16:38,187,28211,1792,68480,14,9
2025-12-26T21:16:43,192,28211,1792,68480,14,9
2025-12-26T21:16:48,197,28211,1792,68480,14,9
2025-12-26T21:16:53,202,28211,1792,68480,14,9
2025-12-26T21:16:58,207,28211,1792,68480,14,9
2025-12-26T21:17:03,212,28211,1792,68480,14,9
2025-12-26T21:17:08,217,28211,1792,68480,14,9
2025-12-26T21:17:13,222,28211,1792,68480,14,9
2025-12-26T21:17:18,227,28211,1792,68480,14,9
2025-12-26T21:17:23,232,28211,1792,68480,14,9
2025-12-26T21:17:28,237,28211,1792,68480,14,9
2025-12-26T21:17:33,242,28211,1792,68480,14,9
2025-12-26T21:17:38,247,28211,1792,68480,14,9
2025-12-26T21:17:43,252,28211,1792,68480,14,9
2025-12-26T21:17:48,257,28211,1792,68480,14,9
2025-12-26T21:17:53,262,28211,1792,68480,14,9
2025-12-26T21:17:58,267,28211,1792,68480,14,9
2025-12-26T21:18:03,272,28211,1792,68480,14,9
2025-12-26T21:18:08,277,28211,1792,68480,14,9
2025-12-26T21:18:13,282,28211,1792,68480,14,9
2025-12-26T21:18:18,287,28211,1792,68480,14,9
2025-12-26T21:18:23,292,28211,1792,68480,14,9
2025-12-26T21:18:28,297,28211,1792,68480,14,9
2025-12-26T21:18:33,302,28211,1792,68480,14,9
2025-12-26T21:18:39,308,28211,1792,68480,14,9
2025-12-26T21:18:44,313,28211,1792,68480,14,9
2025-12-26T21:18:49,318,28211,1792,68480,14,9
2025-12-26T21:18:54,323,28211,1792,68480,14,9
2025-12-26T21:18:59,328,28211,1792,68480,14,9
2025-12-26T21:19:04,333,28211,1792,68480,14,9
2025-12-26T21:19:09,338,28211,1792,68480,14,9
2025-12-26T21:19:14,343,28211,1792,68480,14,9
2025-12-26T21:19:19,348,28211,1792,68480,14,9
2025-12-26T21:19:24,353,28211,1792,68480,14,9
2025-12-26T21:19:29,358,28211,1792,68480,14,9
2025-12-26T21:19:34,363,28211,1792,68480,14,9
2025-12-26T21:19:39,368,28211,1792,68480,14,9
2025-12-26T21:19:44,373,28211,1792,68480,14,9
2025-12-26T21:19:49,378,28211,1792,68480,14,9
2025-12-26T21:19:54,383,28211,1792,68480,14,9
2025-12-26T21:19:59,388,28211,1792,68480,14,9
2025-12-26T21:20:04,393,28211,1792,68480,14,9
2025-12-26T21:20:09,398,28211,1792,68480,14,9
2025-12-26T21:20:14,403,28211,1792,68480,14,9
2025-12-26T21:20:19,408,28211,1792,68480,14,9
2025-12-26T21:20:24,413,28211,1792,68480,14,9
2025-12-26T21:20:29,418,28211,1792,68480,14,9
2025-12-26T21:20:34,423,28211,1792,68480,14,9
2025-12-26T21:20:40,428,28211,1792,68480,14,9
2025-12-26T21:20:45,434,28211,1792,68480,14,9
2025-12-26T21:20:50,439,28211,1792,68480,14,9
2025-12-26T21:20:55,444,28211,1792,68480,14,9
2025-12-26T21:21:00,449,28211,1792,68480,14,9
2025-12-26T21:21:05,454,28211,1792,68480,14,9
2025-12-26T21:21:10,459,28211,1792,68480,14,9
2025-12-26T21:21:15,464,28211,1792,68480,14,9
2025-12-26T21:21:20,469,28211,1792,68480,14,9
2025-12-26T21:21:25,474,28211,1792,68480,14,9
2025-12-26T21:21:30,479,28211,1792,68480,14,9
2025-12-26T21:21:35,484,28211,1792,68480,14,9
2025-12-26T21:21:40,489,28211,1792,68480,14,9
2025-12-26T21:21:45,494,28211,1792,68480,14,9
2025-12-26T21:21:50,499,28211,1792,68480,14,9
2025-12-26T21:21:55,504,28211,1792,68480,14,9
2025-12-26T21:22:00,509,28211,1792,68480,14,9
2025-12-26T21:22:05,514,28211,1792,68480,14,9
2025-12-26T21:22:10,519,28211,1792,68480,14,9
2025-12-26T21:22:15,524,28211,1792,68480,14,9
2025-12-26T21:22:20,529,28211,1792,68480,14,9
2025-12-26T21:22:25,534,28211,1792,68480,14,9
2025-12-26T21:22:31,539,28211,1792,68480,14,9
2025-12-26T21:22:36,545,28211,1792,68480,14,9
2025-12-26T21:22:41,550,28211,1792,68480,14,9
2025-12-26T21:22:46,555,28211,1792,68480,14,9
2025-12-26T21:22:51,560,28211,1792,68480,14,9
2025-12-26T21:22:56,565,28211,1792,68480,14,9
2025-12-26T21:23:01,570,28211,1792,68480,14,9
2025-12-26T21:23:06,575,28211,1792,68480,14,9
2025-12-26T21:23:11,580,28211,1792,68480,14,9
2025-12-26T21:23:16,585,28211,1792,68480,14,9
2025-12-26T21:23:21,590,28211,1792,68480,14,9
2025-12-26T21:23:26,595,28211,1792,68480,14,9
2025-12-26T21:23:31,600,28211,1792,68480,14,9
2025-12-26T21:23:36,605,28211,1792,68480,14,9
2025-12-26T21:23:41,610,28211,1792,68480,14,9
2025-12-26T21:23:46,615,28211,1792,68480,14,9
2025-12-26T21:23:51,620,28211,1792,68480,14,9
2025-12-26T21:23:56,625,28211,1792,68480,14,9
2025-12-26T21:24:01,630,28211,1792,68480,14,9
2025-12-26T21:24:06,635,28211,1792,68480,14,9
2025-12-26T21:24:11,640,28211,1792,68480,14,9
2025-12-26T21:24:16,645,28211,1792,68480,14,9
2025-12-26T21:24:21,650,28211,1792,68480,14,9
2025-12-26T21:24:26,655,28211,1792,68480,14,9
2025-12-26T21:24:31,660,28211,1792,68480,14,9
2025-12-26T21:24:36,665,28211,1792,68480,14,9
2025-12-26T21:24:42,670,28211,1792,68480,14,9
2025-12-26T21:24:47,676,28211,1792,68480,14,9
2025-12-26T21:24:52,681,28211,1792,68480,14,9
2025-12-26T21:24:57,686,28211,1792,68480,14,9
2025-12-26T21:25:02,691,28211,1792,68480,14,9
2025-12-26T21:25:07,696,28211,1792,68480,14,9
2025-12-26T21:25:12,701,28211,1792,68480,14,9
2025-12-26T21:25:17,706,28211,1792,68480,14,9
2025-12-26T21:25:22,711,28211,1792,68480,14,9
2025-12-26T21:25:27,716,28211,1792,68480,14,9
2025-12-26T21:25:32,721,28211,1792,68480,14,9
2025-12-26T21:25:37,726,28211,1792,68480,14,9
2025-12-26T21:25:42,731,28211,1792,68480,14,9
2025-12-26T21:25:47,736,28211,1792,68480,14,9
2025-12-26T21:25:52,741,28211,1792,68480,14,9
2025-12-26T21:25:57,746,28211,1792,68480,14,9
2025-12-26T21:26:02,751,28211,1792,68480,14,9
2025-12-26T21:26:07,756,28211,1792,68480,14,9
2025-12-26T21:26:12,761,28211,1792,68480,14,9
2025-12-26T21:26:17,766,28211,1792,68480,14,9
2025-12-26T21:26:22,771,28211,1792,68480,14,9
2025-12-26T21:26:27,776,28211,1792,68480,14,9
2025-12-26T21:26:32,781,28211,1792,68480,14,9
2025-12-26T21:26:37,786,28211,1792,68480,14,9
2025-12-26T21:26:43,791,28211,1792,68480,14,9
2025-12-26T21:26:48,797,28211,1792,68480,14,9
2025-12-26T21:26:53,802,28211,1792,68480,14,9
2025-12-26T21:26:58,807,28211,1792,68480,14,9
2025-12-26T21:27:03,812,28211,1792,68480,14,9
2025-12-26T21:27:08,817,28211,1792,68480,14,9
2025-12-26T21:27:13,822,28211,1792,68480,14,9
2025-12-26T21:27:18,827,28211,1792,68480,14,9
2025-12-26T21:27:23,832,28211,1792,68480,14,9
2025-12-26T21:27:28,837,28211,1792,68480,14,9
2025-12-26T21:27:33,842,28211,1792,68480,14,9
2025-12-26T21:27:38,847,28211,1792,68480,14,9
2025-12-26T21:27:43,852,28211,1792,68480,14,9
2025-12-26T21:27:48,857,28211,1792,68480,14,9
2025-12-26T21:27:53,862,28211,1792,68480,14,9
2025-12-26T21:27:58,867,28211,1792,68480,14,9
2025-12-26T21:28:03,872,28211,1792,68480,14,9
2025-12-26T21:28:08,877,28211,1792,68480,14,9
2025-12-26T21:28:13,882,28211,1792,68480,14,9
2025-12-26T21:28:18,887,28211,1792,68480,14,9
2025-12-26T21:28:23,892,28211,1792,68480,14,9
2025-12-26T21:28:28,897,28211,1792,68480,14,9
2025-12-26T21:28:33,902,28211,1792,68480,14,9
2025-12-26T21:28:38,907,28211,1792,68480,14,9
2025-12-26T21:28:44,912,28211,1792,68480,14,9
2025-12-26T21:28:49,918,28211,1792,68480,14,9
2025-12-26T21:28:54,923,28211,1792,68480,14,9
2025-12-26T21:28:59,928,28211,1792,68480,14,9
2025-12-26T21:29:04,933,28211,1792,68480,14,9
2025-12-26T21:29:09,938,28211,1792,68480,14,9
2025-12-26T21:29:14,943,28211,1792,68480,14,9
2025-12-26T21:29:19,948,28211,1792,68480,14,9
2025-12-26T21:29:24,953,28211,1792,68480,14,9
2025-12-26T21:29:29,958,28211,1792,68480,14,9
2025-12-26T21:29:34,963,28211,1792,68480,14,9
2025-12-26T21:29:39,968,28211,1792,68480,14,9
2025-12-26T21:29:44,973,28211,1792,68480,14,9
2025-12-26T21:29:49,978,28211,1792,68480,14,9
2025-12-26T21:29:54,983,28211,1792,68480,14,9
2025-12-26T21:29:59,988,28211,1792,68480,14,9
2025-12-26T21:30:04,993,28211,1792,68480,14,9
2025-12-26T21:30:09,998,28211,1792,68480,14,9
2025-12-26T21:30:14,1003,28211,1792,68480,14,9
2025-12-26T21:30:19,1008,28211,1792,68480,14,9
2025-12-26T21:30:24,1013,28211,1792,68480,14,9
2025-12-26T21:30:29,1018,28211,1792,68480,14,9
2025-12-26T21:30:34,1023,28211,1792,68480,14,9
2025-12-26T21:30:39,1028,28211,1792,68480,14,9
2025-12-26T21:30:44,1033,28211,1792,68480,14,9
2025-12-26T21:30:49,1038,28211,1792,68480,14,9
2025-12-26T21:30:55,1044,28211,1792,68480,14,9
2025-12-26T21:31:00,1049,28211,1792,68480,14,9
2025-12-26T21:31:05,1054,28211,1792,68480,14,9
2025-12-26T21:31:10,1059,28211,1792,68480,14,9
2025-12-26T21:31:15,1064,28211,1792,68480,14,9
2025-12-26T21:31:20,1069,28211,1792,68480,14,9
2025-12-26T21:31:25,1074,28211,1792,68480,14,9
2025-12-26T21:31:30,1079,28211,1792,68480,14,9
2025-12-26T21:31:35,1084,28211,1792,68480,14,9
2025-12-26T21:31:40,1089,28211,1792,68480,14,9
2025-12-26T21:31:45,1094,28211,1792,68480,14,9
2025-12-26T21:31:50,1099,28211,1792,68480,14,9
2025-12-26T21:31:55,1104,28211,1792,68480,14,9
2025-12-26T21:32:00,1109,28211,1792,68480,14,9
2025-12-26T21:32:05,1114,28211,1792,68480,14,9
2025-12-26T21:32:11,1119,28211,1792,68480,14,9
2025-12-26T21:32:16,1125,28211,1792,68480,14,9
2025-12-26T21:32:21,1130,28211,1792,68480,14,9
2025-12-26T21:32:26,1135,28211,1792,68480,14,9
2025-12-26T21:32:31,1140,28211,1792,68480,14,9
2025-12-26T21:32:36,1145,28211,1792,68480,14,9
2025-12-26T21:32:41,1150,28211,1792,68480,14,9
2025-12-26T21:32:46,1155,28211,1792,68480,14,9
2025-12-26T21:32:51,1160,28211,1792,68480,14,9
2025-12-26T21:32:56,1165,28211,1792,68480,14,9
2025-12-26T21:33:01,1170,28211,1792,68480,14,9
2025-12-26T21:33:06,1175,28211,1792,68480,14,9
2025-12-26T21:33:11,1180,28211,1792,68480,14,9
2025-12-26T21:33:16,1185,28211,1792,68480,14,9
2025-12-26T21:33:21,1190,28211,1792,68480,14,9
2025-12-26T21:33:26,1195,28211,1792,68480,14,9
2025-12-26T21:33:32,1200,28211,1792,68480,14,9
2025-12-26T21:33:37,1206,28211,1792,68480,14,9
2025-12-26T21:33:42,1211,28211,1792,68480,14,9
2025-12-26T21:33:47,1216,28211,1792,68480,14,9
2025-12-26T21:33:52,1221,28211,1792,68480,14,9
2025-12-26T21:33:57,1226,28211,1792,68480,14,9
2025-12-26T21:34:02,1231,28211,1792,68480,14,9
2025-12-26T21:34:07,1236,28211,1792,68480,14,9
2025-12-26T21:34:12,1241,28211,1792,68480,14,9
2025-12-26T21:34:17,1246,28211,1792,68480,14,9
2025-12-26T21:34:22,1251,28211,1792,68480,14,9
2025-12-26T21:34:27,1256,28211,1792,68480,14,9
2025-12-26T21:34:32,1261,28211,1792,68480,14,9
2025-12-26T21:34:37,1266,28211,1792,68480,14,9
2025-12-26T21:34:42,1271,28211,1792,68480,14,9
2025-12-26T21:34:47,1276,28211,1792,68480,14,9
2025-12-26T21:34:52,1281,28211,1792,68480,14,9
2025-12-26T21:34:57,1286,28211,1792,68480,14,9
2025-12-26T21:35:02,1291,28211,1792,68480,14,9
2025-12-26T21:35:07,1296,28211,1792,68480,14,9
2025-12-26T21:35:12,1301,28211,1792,68480,14,9
2025-12-26T21:35:17,1306,28211,1792,68480,14,9
2025-12-26T21:35:23,1311,28211,1792,68480,14,9
2025-12-26T21:35:28,1317,28211,1792,68480,14,9
2025-12-26T21:35:33,1322,28211,1792,68480,14,9
2025-12-26T21:35:38,1327,28211,1792,68480,14,9
2025-12-26T21:35:43,1332,28211,1792,68480,14,9
2025-12-26T21:35:48,1337,28211,1792,68480,14,9
2025-12-26T21:35:53,1342,28211,1792,68480,14,9
2025-12-26T21:35:58,1347,28211,1792,68480,14,9
2025-12-26T21:36:03,1352,28211,1792,68480,14,9
2025-12-26T21:36:08,1357,28211,1792,68480,14,9
2025-12-26T21:36:13,1362,28211,1792,68480,14,9
2025-12-26T21:36:18,1367,28211,1792,68480,14,9
2025-12-26T21:36:23,1372,28211,1792,68480,14,9
2025-12-26T21:36:28,1377,28211,1792,68480,14,9
2025-12-26T21:36:33,1382,28211,1792,68480,14,9
2025-12-26T21:36:38,1387,28211,1792,68480,14,9
2025-12-26T21:36:43,1392,28211,1792,68480,14,9
2025-12-26T21:36:48,1397,28211,1792,68480,14,9
2025-12-26T21:36:53,1402,28211,1792,68480,14,9
2025-12-26T21:36:58,1407,28211,1792,68480,14,9
2025-12-26T21:37:03,1412,28211,1792,68480,14,9
2025-12-26T21:37:08,1417,28211,1792,68480,14,9
2025-12-26T21:37:13,1422,28211,1792,68480,14,9
2025-12-26T21:37:19,1427,28211,1792,68480,14,9
2025-12-26T21:37:24,1433,28211,1792,68480,14,9
2025-12-26T21:37:29,1438,28211,1792,68480,14,9
2025-12-26T21:37:34,1443,28211,1792,68480,14,9
2025-12-26T21:37:39,1448,28211,1792,68480,14,9
2025-12-26T21:37:44,1453,28211,1792,68480,14,9
2025-12-26T21:37:49,1458,28211,1792,68480,14,9
2025-12-26T21:37:54,1463,28211,1792,68480,14,9
2025-12-26T21:37:59,1468,28211,1792,68480,14,9
2025-12-26T21:38:04,1473,28211,1792,68480,14,9
2025-12-26T21:38:09,1478,28211,1792,68480,14,9
2025-12-26T21:38:14,1483,28211,1792,68480,14,9
2025-12-26T21:38:19,1488,28211,1792,68480,14,9
2025-12-26T21:38:24,1493,28211,1792,68480,14,9
2025-12-26T21:38:29,1498,28211,1792,68480,14,9
2025-12-26T21:38:34,1503,28211,1792,68480,14,9
2025-12-26T21:38:39,1508,28211,1792,68480,14,9
2025-12-26T21:38:44,1513,28211,1792,68480,14,9
2025-12-26T21:38:49,1518,28211,1792,68480,14,9
2025-12-26T21:38:55,1523,28211,1792,68480,14,9
2025-12-26T21:39:00,1529,28211,1792,68480,14,9
2025-12-26T21:39:05,1534,28211,1792,68480,14,9
2025-12-26T21:39:10,1539,28211,1792,68480,14,9
2025-12-26T21:39:15,1544,28211,1792,68480,14,9
2025-12-26T21:39:20,1549,28211,1792,68480,14,9
2025-12-26T21:39:25,1554,28211,1792,68480,14,9
2025-12-26T21:39:30,1559,28211,1792,68480,14,9
2025-12-26T21:39:35,1564,28211,1792,68480,14,9
2025-12-26T21:39:40,1569,28211,1792,68480,14,9
2025-12-26T21:39:45,1574,28211,1792,68480,14,9
2025-12-26T21:39:50,1579,28211,1792,68480,14,9
2025-12-26T21:39:55,1584,28211,1792,68480,14,9
2025-12-26T21:40:00,1589,28211,1792,68480,14,9
2025-12-26T21:40:05,1594,28211,1792,68480,14,9
2025-12-26T21:40:10,1599,28211,1792,68480,14,9
2025-12-26T21:40:15,1604,28211,1792,68480,14,9
2025-12-26T21:40:20,1609,28211,1792,68480,14,9
2025-12-26T21:40:26,1614,28211,1792,68480,14,9
2025-12-26T21:40:31,1620,28211,1792,68480,14,9
2025-12-26T21:40:36,1625,28211,1792,68480,14,9
2025-12-26T21:40:42,1630,28211,1792,68480,14,9
2025-12-26T21:40:47,1636,28211,1792,68480,14,9
2025-12-26T21:40:52,1641,28211,1792,68480,14,9
2025-12-26T21:40:57,1646,28211,1792,68480,14,9
2025-12-26T21:41:02,1651,28211,1792,68480,14,9
2025-12-26T21:41:07,1656,28211,1792,68480,14,9
2025-12-26T21:41:12,1661,28211,1792,68480,14,9
2025-12-26T21:41:17,1666,28211,1792,68480,14,9
2025-12-26T21:41:22,1671,28211,1792,68480,14,9
2025-12-26T21:41:27,1676,28211,1792,68480,14,9
2025-12-26T21:41:32,1681,28211,1792,68480,14,9
2025-12-26T21:41:37,1686,28211,1792,68480,14,9
2025-12-26T21:41:42,1691,28211,1792,68480,14,9
2025-12-26T21:41:47,1696,28211,1792,68480,14,9
2025-12-26T21:41:53,1701,28211,1792,68480,14,9
2025-12-26T21:41:58,1707,28211,1792,68480,14,9
2025-12-26T21:42:03,1712,28211,1792,68480,14,9
2025-12-26T21:42:08,1717,28211,1792,68480,14,9
2025-12-26T21:42:13,1722,28211,1792,68480,14,9
2025-12-26T21:42:18,1727,28211,1792,68480,14,9
2025-12-26T21:42:23,1732,28211,1792,68480,14,9
2025-12-26T21:42:28,1737,28211,1792,68480,14,9
2025-12-26T21:42:33,1742,28211,1792,68480,14,9
2025-12-26T21:42:38,1747,28211,1792,68480,14,9
2025-12-26T21:42:43,1752,28211,1792,68480,14,9
2025-12-26T21:42:48,1757,28211,1792,68480,14,9
2025-12-26T21:42:53,1762,28211,1792,68480,14,9
2025-12-26T21:42:58,1767,28211,1792,68480,14,9
2025-12-26T21:43:03,1772,28211,1792,68480,14,9
2025-12-26T21:43:08,1777,28211,1792,68480,14,9
2025-12-26T21:43:13,1782,28211,1792,68480,14,9
2025-12-26T21:43:18,1787,28211,1792,68480,14,9
2025-12-26T21:43:23,1792,28211,1792,68480,14,9
2025-12-26T21:43:28,1797,28211,1792,68480,14,9
2025-12-26T21:43:33,1802,28211,1792,68480,14,9
2025-12-26T21:43:39,1807,28211,1792,68480,14,9
2025-12-26T21:43:44,1813,28211,1792,68480,14,9
2025-12-26T21:43:49,1818,28211,1792,68480,14,9
2025-12-26T21:43:54,1823,28211,1792,68480,14,9
2025-12-26T21:43:59,1828,28211,1792,68480,14,9
2025-12-26T21:44:04,1833,28211,1792,68480,14,9
2025-12-26T21:44:09,1838,28211,1792,68480,14,9
2025-12-26T21:44:14,1843,28211,1792,68480,14,9
2025-12-26T21:44:19,1848,28211,1792,68480,14,9
2025-12-26T21:44:24,1853,28211,1792,68480,14,9
2025-12-26T21:44:29,1858,28211,1792,68480,14,9
2025-12-26T21:44:34,1863,28211,1792,68480,14,9
2025-12-26T21:44:39,1868,28211,1792,68480,14,9
2025-12-26T21:44:44,1873,28211,1792,68480,14,9
2025-12-26T21:44:49,1878,28211,1792,68480,14,9
2025-12-26T21:44:54,1883,28211,1792,68480,14,9
2025-12-26T21:44:59,1888,28211,1792,68480,14,9
2025-12-26T21:45:04,1893,28211,1792,68480,14,9
2025-12-26T21:45:09,1898,28211,1792,68480,14,9
2025-12-26T21:45:15,1903,28211,1792,68480,14,9
2025-12-26T21:45:20,1909,28211,1792,68480,14,9
2025-12-26T21:45:25,1914,28211,1792,68480,14,9
2025-12-26T21:45:30,1919,28211,1792,68480,14,9
2025-12-26T21:45:35,1924,28211,1792,68480,14,9
2025-12-26T21:45:40,1929,28211,1792,68480,14,9
2025-12-26T21:45:45,1934,28211,1792,68480,14,9
2025-12-26T21:45:50,1939,28211,1792,68480,14,9
2025-12-26T21:45:55,1944,28211,1792,68480,14,9
2025-12-26T21:46:00,1949,28211,1792,68480,14,9
2025-12-26T21:46:05,1954,28211,1792,68480,14,9
2025-12-26T21:46:10,1959,28211,1792,68480,14,9
2025-12-26T21:46:15,1964,28211,1792,68480,14,9
2025-12-26T21:46:20,1969,28211,1792,68480,14,9
2025-12-26T21:46:25,1974,28211,1792,68480,14,9
2025-12-26T21:46:30,1979,28211,1792,68480,14,9
2025-12-26T21:46:35,1984,28211,1792,68480,14,9
2025-12-26T21:46:40,1989,28211,1792,68480,14,9
2025-12-26T21:46:46,1994,28211,1792,68480,14,9
2025-12-26T21:46:51,2000,28211,1792,68480,14,9
2025-12-26T21:46:56,2005,28211,1792,68480,14,9
2025-12-26T21:47:01,2010,28211,1792,68480,14,9
2025-12-26T21:47:06,2015,28211,1792,68480,14,9
2025-12-26T21:47:11,2020,28211,1792,68480,14,9
2025-12-26T21:47:16,2025,28211,1792,68480,14,9
2025-12-26T21:47:21,2030,28211,1792,68480,14,9
2025-12-26T21:47:26,2035,28211,1792,68480,14,9
2025-12-26T21:47:31,2040,28211,1792,68480,14,9
2025-12-26T21:47:36,2045,28211,1792,68480,14,9
2025-12-26T21:47:41,2050,28211,1792,68480,14,9
2025-12-26T21:47:46,2055,28211,1792,68480,14,9
2025-12-26T21:47:51,2060,28211,1792,68480,14,9
2025-12-26T21:47:56,2065,28211,1792,68480,14,9
2025-12-26T21:48:01,2070,28211,1792,68480,14,9
2025-12-26T21:48:06,2075,28211,1792,68480,14,9
2025-12-26T21:48:11,2080,28211,1792,68480,14,9
2025-12-26T21:48:16,2085,28211,1792,68480,14,9
2025-12-26T21:48:21,2090,28211,1792,68480,14,9
2025-12-26T21:48:26,2095,28211,1792,68480,14,9
2025-12-26T21:48:31,2100,28211,1792,68480,14,9
2025-12-26T21:48:37,2106,28211,1792,68480,14,9
2025-12-26T21:48:42,2111,28211,1792,68480,14,9
2025-12-26T21:48:47,2116,28211,1792,68480,14,9
2025-12-26T21:48:52,2121,28211,1792,68480,14,9
2025-12-26T21:48:57,2126,28211,1792,68480,14,9
2025-12-26T21:49:02,2131,28211,1792,68480,14,9
2025-12-26T21:49:07,2136,28211,1792,68480,14,9
2025-12-26T21:49:12,2141,28211,1792,68480,14,9
2025-12-26T21:49:17,2146,28211,1792,68480,14,9
2025-12-26T21:49:22,2151,28211,1792,68480,14,9
2025-12-26T21:49:27,2156,28211,1792,68480,14,9
2025-12-26T21:49:32,2161,28211,1792,68480,14,9
2025-12-26T21:49:37,2166,28211,1792,68480,14,9
2025-12-26T21:49:42,2171,28211,1792,68480,14,9
2025-12-26T21:49:47,2176,28211,1792,68480,14,9
2025-12-26T21:49:52,2181,28211,1792,68480,14,9
2025-12-26T21:49:57,2186,28211,1792,68480,14,9
2025-12-26T21:50:02,2191,28211,1792,68480,14,9
2025-12-26T21:50:07,2196,28211,1792,68480,14,9
2025-12-26T21:50:12,2201,28211,1792,68480,14,9
2025-12-26T21:50:18,2206,28211,1792,68480,14,9
2025-12-26T21:50:23,2212,28211,1792,68480,14,9
2025-12-26T21:50:28,2217,28211,1792,68480,14,9
2025-12-26T21:50:33,2222,28211,1792,68480,14,9
2025-12-26T21:50:38,2227,28211,1792,68480,14,9
2025-12-26T21:50:43,2232,28211,1792,68480,14,9
2025-12-26T21:50:48,2237,28211,1792,68480,14,9
2025-12-26T21:50:53,2242,28211,1792,68480,14,9
2025-12-26T21:50:58,2247,28211,1792,68480,14,9
2025-12-26T21:51:03,2252,28211,1792,68480,14,9
2025-12-26T21:51:08,2257,28211,1792,68480,14,9
2025-12-26T21:51:13,2262,28211,1792,68480,14,9
2025-12-26T21:51:18,2267,28211,1792,68480,14,9
2025-12-26T21:51:23,2272,28211,1792,68480,14,9
2025-12-26T21:51:28,2277,28211,1792,68480,14,9
2025-12-26T21:51:33,2282,28211,1792,68480,14,9
2025-12-26T21:51:38,2287,28211,1792,68480,14,9
2025-12-26T21:51:43,2292,28211,1792,68480,14,9
2025-12-26T21:51:48,2297,28211,1792,68480,14,9
2025-12-26T21:51:53,2302,28211,1792,68480,14,9
2025-12-26T21:51:58,2307,28211,1792,68480,14,9
2025-12-26T21:52:04,2312,28211,1792,68480,14,9
2025-12-26T21:52:09,2318,28211,1792,68480,14,9
2025-12-26T21:52:14,2323,28211,1792,68480,14,9
2025-12-26T21:52:19,2328,28211,1792,68480,14,9
2025-12-26T21:52:24,2333,28211,1792,68480,14,9
2025-12-26T21:52:29,2338,28211,1792,68480,14,9
2025-12-26T21:52:34,2343,28211,1792,68480,14,9
2025-12-26T21:52:39,2348,28211,1792,68480,14,9
2025-12-26T21:52:44,2353,28211,1792,68480,14,9
2025-12-26T21:52:49,2358,28211,1792,68480,14,9
2025-12-26T21:52:54,2363,28211,1792,68480,14,9
2025-12-26T21:52:59,2368,28211,1792,68480,14,9
2025-12-26T21:53:04,2373,28211,1792,68480,14,9
2025-12-26T21:53:09,2378,28211,1792,68480,14,9
2025-12-26T21:53:14,2383,28211,1792,68480,14,9
2025-12-26T21:53:19,2388,28211,1792,68480,14,9
2025-12-26T21:53:24,2393,28211,1792,68480,14,9
2025-12-26T21:53:29,2398,28211,1792,68480,14,9
2025-12-26T21:53:35,2403,28211,1792,68480,14,9
2025-12-26T21:53:40,2409,28211,1792,68480,14,9
2025-12-26T21:53:45,2414,28211,1792,68480,14,9
2025-12-26T21:53:50,2419,28211,1792,68480,14,9
2025-12-26T21:53:55,2424,28211,1792,68480,14,9
2025-12-26T21:54:00,2429,28211,1792,68480,14,9
2025-12-26T21:54:05,2434,28211,1792,68480,14,9
2025-12-26T21:54:10,2439,28211,1792,68480,14,9
2025-12-26T21:54:15,2444,28211,1792,68480,14,9
2025-12-26T21:54:20,2449,28211,1792,68480,14,9
2025-12-26T21:54:25,2454,28211,1792,68480,14,9
2025-12-26T21:54:30,2459,28211,1792,68480,14,9
2025-12-26T21:54:35,2464,28211,1792,68480,14,9
2025-12-26T21:54:40,2469,28211,1792,68480,14,9
2025-12-26T21:54:45,2474,28211,1792,68480,14,9
2025-12-26T21:54:50,2479,28211,1792,68480,14,9
2025-12-26T21:54:55,2484,28211,1792,68480,14,9
2025-12-26T21:55:00,2489,28211,1792,68480,14,9
2025-12-26T21:55:05,2494,28211,1792,68480,14,9
2025-12-26T21:55:10,2499,28211,1792,68480,14,9
2025-12-26T21:55:15,2504,28211,1792,68480,14,9
2025-12-26T21:55:20,2509,28211,1792,68480,14,9
2025-12-26T21:55:25,2514,28211,1792,68480,14,9
2025-12-26T21:55:30,2519,28211,1792,68480,14,9
2025-12-26T21:55:36,2524,28211,1792,68480,14,9
2025-12-26T21:55:41,2530,28211,1792,68480,14,9
2025-12-26T21:55:46,2535,28211,1792,68480,14,9
2025-12-26T21:55:51,2540,28211,1792,68480,14,9
2025-12-26T21:55:56,2545,28211,1792,68480,14,9
2025-12-26T21:56:01,2550,28211,1792,68480,14,9
2025-12-26T21:56:06,2555,28211,1792,68480,14,9
2025-12-26T21:56:11,2560,28211,1792,68480,14,9
2025-12-26T21:56:16,2565,28211,1792,68480,14,9
2025-12-26T21:56:21,2570,28211,1792,68480,14,9
2025-12-26T21:56:26,2575,28211,1792,68480,14,9
2025-12-26T21:56:31,2580,28211,1792,68480,14,9
2025-12-26T21:56:36,2585,28211,1792,68480,14,9
2025-12-26T21:56:41,2590,28211,1792,68480,14,9
2025-12-26T21:56:46,2595,28211,1792,68480,14,9
2025-12-26T21:56:51,2600,28211,1792,68480,14,9
2025-12-26T21:56:56,2605,28211,1792,68480,14,9
2025-12-26T21:57:01,2610,28211,1792,68480,14,9
2025-12-26T21:57:06,2615,28211,1792,68480,14,9
2025-12-26T21:57:12,2621,28211,1792,68480,14,9
2025-12-26T21:57:17,2626,28211,1792,68480,14,9
2025-12-26T21:57:22,2631,28211,1792,68480,14,9
2025-12-26T21:57:27,2636,28211,1792,68480,14,9
2025-12-26T21:57:32,2641,28211,1792,68480,14,9
2025-12-26T21:57:37,2646,28211,1792,68480,14,9
2025-12-26T21:57:42,2651,28211,1792,68480,14,9
2025-12-26T21:57:47,2656,28211,1792,68480,14,9
2025-12-26T21:57:52,2661,28211,1792,68480,14,9
2025-12-26T21:57:57,2666,28211,1792,68480,14,9
2025-12-26T21:58:02,2671,28211,1792,68480,14,9
2025-12-26T21:58:07,2676,28211,1792,68480,14,9
2025-12-26T21:58:12,2681,28211,1792,68480,14,9
2025-12-26T21:58:17,2686,28211,1792,68480,14,9
2025-12-26T21:58:22,2691,28211,1792,68480,14,9
2025-12-26T21:58:27,2696,28211,1792,68480,14,9
2025-12-26T21:58:32,2701,28211,1792,68480,14,9
2025-12-26T21:58:37,2706,28211,1792,68480,14,9
2025-12-26T21:58:42,2711,28211,1792,68480,14,9
2025-12-26T21:58:47,2716,28211,1792,68480,14,9
2025-12-26T21:58:52,2721,28211,1792,68480,14,9
2025-12-26T21:58:57,2726,28211,1792,68480,14,9
2025-12-26T21:59:02,2731,28211,1792,68480,14,9
2025-12-26T21:59:08,2736,28211,1792,68480,14,9
2025-12-26T21:59:13,2742,28211,1792,68480,14,9
2025-12-26T21:59:18,2747,28211,1792,68480,14,9
2025-12-26T21:59:23,2752,28211,1792,68480,14,9
2025-12-26T21:59:28,2757,28211,1792,68480,14,9
2025-12-26T21:59:33,2762,28211,1792,68480,14,9
2025-12-26T21:59:38,2767,28211,1792,68480,14,9
2025-12-26T21:59:43,2772,28211,1792,68480,14,9
2025-12-26T21:59:48,2777,28211,1792,68480,14,9
2025-12-26T21:59:53,2782,28211,1792,68480,14,9
2025-12-26T21:59:58,2787,28211,1792,68480,14,9
2025-12-26T22:00:03,2792,28211,1792,68480,14,9
2025-12-26T22:00:08,2797,28211,1792,68480,14,9
2025-12-26T22:00:13,2802,28211,1792,68480,14,9
2025-12-26T22:00:18,2807,28211,1792,68480,14,9
2025-12-26T22:00:23,2812,28211,1792,68480,14,9
2025-12-26T22:00:28,2817,28211,1792,68480,14,9
2025-12-26T22:00:33,2822,28211,1792,68480,14,9
2025-12-26T22:00:38,2827,28211,1792,68480,14,9
2025-12-26T22:00:43,2832,28211,1792,68480,14,9
2025-12-26T22:00:48,2837,28211,1792,68480,14,9
2025-12-26T22:00:54,2843,28211,1792,68480,14,9
2025-12-26T22:00:59,2848,28211,1792,68480,14,9
2025-12-26T22:01:04,2853,28211,1792,68480,14,9
2025-12-26T22:01:09,2858,28211,1792,68480,14,9
2025-12-26T22:01:14,2863,28211,1792,68480,14,9
2025-12-26T22:01:19,2868,28211,1792,68480,14,9
2025-12-26T22:01:24,2873,28211,1792,68480,14,9
2025-12-26T22:01:29,2878,28211,1792,68480,14,9
2025-12-26T22:01:34,2883,28211,1792,68480,14,9
2025-12-26T22:01:39,2888,28211,1792,68480,14,9
2025-12-26T22:01:44,2893,28211,1792,68480,14,9
2025-12-26T22:01:49,2898,28211,1792,68480,14,9
2025-12-26T22:01:54,2903,28211,1792,68480,14,9
2025-12-26T22:01:59,2908,28211,1792,68480,14,9
2025-12-26T22:02:04,2913,28211,1792,68480,14,9
2025-12-26T22:02:09,2918,28211,1792,68480,14,9
2025-12-26T22:02:14,2923,28211,1792,68480,14,9
2025-12-26T22:02:19,2928,28211,1792,68480,14,9
2025-12-26T22:02:24,2933,28211,1792,68480,14,9
2025-12-26T22:02:29,2938,28211,1792,68480,14,9
2025-12-26T22:02:34,2943,28211,1792,68480,14,9
2025-12-26T22:02:40,2948,28211,1792,68480,14,9
2025-12-26T22:02:45,2954,28211,1792,68480,14,9
2025-12-26T22:02:50,2959,28211,1792,68480,14,9
2025-12-26T22:02:55,2964,28211,1792,68480,14,9
2025-12-26T22:03:00,2969,28211,1792,68480,14,9
2025-12-26T22:03:05,2974,28211,1792,68480,14,9
2025-12-26T22:03:10,2979,28211,1792,68480,14,9
2025-12-26T22:03:15,2984,28211,1792,68480,14,9
2025-12-26T22:03:20,2989,28211,1792,68480,14,9
2025-12-26T22:03:25,2994,28211,1792,68480,14,9
2025-12-26T22:03:30,2999,28211,1792,68480,14,9
2025-12-26T22:03:35,3004,28211,1792,68480,14,9
2025-12-26T22:03:40,3009,28211,1792,68480,14,9
2025-12-26T22:03:45,3014,28211,1792,68480,14,9
2025-12-26T22:03:50,3019,28211,1792,68480,14,9
2025-12-26T22:03:55,3024,28211,1792,68480,14,9
2025-12-26T22:04:00,3029,28211,1792,68480,14,9
2025-12-26T22:04:05,3034,28211,1792,68480,14,9
2025-12-26T22:04:10,3039,28211,1792,68480,14,9
2025-12-26T22:04:15,3044,28211,1792,68480,14,9
2025-12-26T22:04:20,3049,28211,1792,68480,14,9
2025-12-26T22:04:26,3054,28211,1792,68480,14,9
2025-12-26T22:04:31,3060,28211,1792,68480,14,9
2025-12-26T22:04:36,3065,28211,1792,68480,14,9
2025-12-26T22:04:41,3070,28211,1792,68480,14,9
2025-12-26T22:04:46,3075,28211,1792,68480,14,9
2025-12-26T22:04:51,3080,28211,1792,68480,14,9
2025-12-26T22:04:56,3085,28211,1792,68480,14,9
2025-12-26T22:05:01,3090,28211,1792,68480,14,9
2025-12-26T22:05:06,3095,28211,1792,68480,14,9
2025-12-26T22:05:11,3100,28211,1792,68480,14,9
2025-12-26T22:05:16,3105,28211,1792,68480,14,9
2025-12-26T22:05:21,3110,28211,1792,68480,14,9
2025-12-26T22:05:26,3115,28211,1792,68480,14,9
2025-12-26T22:05:31,3120,28211,1792,68480,14,9
2025-12-26T22:05:36,3125,28211,1792,68480,14,9
2025-12-26T22:05:41,3130,28211,1792,68480,14,9
2025-12-26T22:05:46,3135,28211,1792,68480,14,9
2025-12-26T22:05:51,3140,28211,1792,68480,14,9
2025-12-26T22:05:56,3145,28211,1792,68480,14,9
2025-12-26T22:06:02,3150,28211,1792,68480,14,9
2025-12-26T22:06:07,3156,28211,1792,68480,14,9
2025-12-26T22:06:12,3161,28211,1792,68480,14,9
2025-12-26T22:06:17,3166,28211,1792,68480,14,9
2025-12-26T22:06:22,3171,28211,1792,68480,14,9
2025-12-26T22:06:27,3176,28211,1792,68480,14,9
2025-12-26T22:06:32,3181,28211,1792,68480,14,9
2025-12-26T22:06:37,3186,28211,1792,68480,14,9
2025-12-26T22:06:42,3191,28211,1792,68480,14,9
2025-12-26T22:06:47,3196,28211,1792,68480,14,9
2025-12-26T22:06:52,3201,28211,1792,68480,14,9
2025-12-26T22:06:57,3206,28211,1792,68480,14,9
2025-12-26T22:07:02,3211,28211,1792,68480,14,9
2025-12-26T22:07:07,3216,28211,1792,68480,14,9
2025-12-26T22:07:12,3221,28211,1792,68480,14,9
2025-12-26T22:07:17,3226,28211,1792,68480,14,9
2025-12-26T22:07:22,3231,28211,1792,68480,14,9
2025-12-26T22:07:27,3236,28211,1792,68480,14,9
2025-12-26T22:07:32,3241,28211,1792,68480,14,9
2025-12-26T22:07:38,3247,28211,1792,68480,14,9
2025-12-26T22:07:43,3252,28211,1792,68480,14,9
2025-12-26T22:07:48,3257,28211,1792,68480,14,9
2025-12-26T22:07:53,3262,28211,1792,68480,14,9
2025-12-26T22:07:58,3267,28211,1792,68480,14,9
2025-12-26T22:08:03,3272,28211,1792,68480,14,9
2025-12-26T22:08:08,3277,28211,1792,68480,14,9
2025-12-26T22:08:13,3282,28211,1792,68480,14,9
2025-12-26T22:08:18,3287,28211,1792,68480,14,9
2025-12-26T22:08:23,3292,28211,1792,68480,14,9
2025-12-26T22:08:28,3297,28211,1792,68480,14,9
2025-12-26T22:08:33,3302,28211,1792,68480,14,9
2025-12-26T22:08:38,3307,28211,1792,68480,14,9
2025-12-26T22:08:43,3312,28211,1792,68480,14,9
2025-12-26T22:08:48,3317,28211,1792,68480,14,9
2025-12-26T22:08:53,3322,28211,1792,68480,14,9
2025-12-26T22:08:58,3327,28211,1792,68480,14,9
2025-12-26T22:09:03,3332,28211,1792,68480,14,9
2025-12-26T22:09:09,3337,28211,1792,68480,14,9
2025-12-26T22:09:14,3343,28211,1792,68480,14,9
2025-12-26T22:09:19,3348,28211,1792,68480,14,9
2025-12-26T22:09:24,3353,28211,1792,68480,14,9
2025-12-26T22:09:29,3358,28211,1792,68480,14,9
2025-12-26T22:09:34,3363,28211,1792,68480,14,9
2025-12-26T22:09:39,3368,28211,1792,68480,14,9
2025-12-26T22:09:45,3374,28211,1792,68480,14,9
2025-12-26T22:09:50,3379,28211,1792,68480,14,9
2025-12-26T22:09:55,3384,28211,1792,68480,14,9
2025-12-26T22:10:00,3389,28211,1792,68480,14,9
2025-12-26T22:10:05,3394,28211,1792,68480,14,9
2025-12-26T22:10:10,3399,28211,1792,68480,14,9
2025-12-26T22:10:15,3404,28211,1792,68480,14,9
2025-12-26T22:10:20,3409,28211,1792,68480,14,9
2025-12-26T22:10:26,3414,28211,1792,68480,14,9
2025-12-26T22:10:31,3420,28211,1792,68480,14,9
2025-12-26T22:10:36,3425,28211,1792,68480,14,9
2025-12-26T22:10:41,3430,28211,1792,68480,14,9
2025-12-26T22:10:46,3435,28211,1792,68480,14,9
2025-12-26T22:10:51,3440,28211,1792,68480,14,9
2025-12-26T22:10:56,3445,28211,1792,68480,14,9
2025-12-26T22:11:01,3450,28211,1792,68480,14,9
2025-12-26T22:11:07,3455,28211,1792,68480,14,9
2025-12-26T22:11:12,3461,28211,1792,68480,14,9
2025-12-26T22:11:17,3466,28211,1792,68480,14,9
2025-12-26T22:11:22,3471,28211,1792,68480,14,9
2025-12-26T22:11:27,3476,28211,1792,68480,14,9
2025-12-26T22:11:32,3481,28211,1792,68480,14,9
2025-12-26T22:11:37,3486,28211,1792,68480,14,9
2025-12-26T22:11:42,3491,28211,1792,68480,14,9
2025-12-26T22:11:47,3496,28211,1792,68480,14,9
2025-12-26T22:11:52,3501,28211,1792,68480,14,9
2025-12-26T22:11:57,3506,28211,1792,68480,14,9
2025-12-26T22:12:02,3511,28211,1792,68480,14,9
2025-12-26T22:12:07,3516,28211,1792,68480,14,9
2025-12-26T22:12:12,3521,28211,1792,68480,14,9
2025-12-26T22:12:17,3526,28211,1792,68480,14,9
2025-12-26T22:12:22,3531,28211,1792,68480,14,9
2025-12-26T22:12:27,3536,28211,1792,68480,14,9
2025-12-26T22:12:32,3541,28211,1792,68480,14,9
2025-12-26T22:12:38,3546,28211,1792,68480,14,9
2025-12-26T22:12:43,3552,28211,1792,68480,14,9
2025-12-26T22:12:48,3557,28211,1792,68480,14,9
2025-12-26T22:12:53,3562,28211,1792,68480,14,9
2025-12-26T22:12:58,3567,28211,1792,68480,14,9
2025-12-26T22:13:03,3572,28211,1792,68480,14,9
2025-12-26T22:13:08,3577,28211,1792,68480,14,9
2025-12-26T22:13:13,3582,28211,1792,68480,14,9
2025-12-26T22:13:18,3587,28211,1792,68480,14,9
2025-12-26T22:13:23,3592,28211,1792,68480,14,9
2025-12-26T22:13:28,3597,28211,1792,68480,14,9
2025-12-26T22:13:33,3602,28211,1792,68480,14,9
2025-12-26T22:13:38,3607,28211,1792,68480,14,9
2025-12-26T22:13:43,3612,28211,1792,68480,14,9
2025-12-26T22:13:48,3617,28211,1792,68480,14,9
2025-12-26T22:13:53,3622,28211,1792,68480,14,9
2025-12-26T22:13:58,3627,28211,1792,68480,14,9
2025-12-26T22:14:04,3632,28211,1792,68480,14,9
2025-12-26T22:14:09,3638,28211,1792,68480,14,9
2025-12-26T22:14:14,3643,28211,1792,68480,14,9
2025-12-26T22:14:19,3648,28211,1792,68480,14,9
2025-12-26T22:14:24,3653,28211,1792,68480,14,9
2025-12-26T22:14:29,3658,28211,1792,68480,14,9
2025-12-26T22:14:34,3663,28211,1792,68480,14,9
2025-12-26T22:14:39,3668,28211,1792,68480,14,9
2025-12-26T22:14:44,3673,28211,1792,68480,14,9
2025-12-26T22:14:49,3678,28211,1792,68480,14,9
2025-12-26T22:14:54,3683,28211,1792,68480,14,9
2025-12-26T22:14:59,3688,28211,1792,68480,14,9
2025-12-26T22:15:04,3693,28211,1792,68480,14,9
2025-12-26T22:15:09,3698,28211,1792,68480,14,9
2025-12-26T22:15:14,3703,28211,1792,68480,14,9
2025-12-26T22:15:19,3708,28211,1792,68480,14,9
2025-12-26T22:15:24,3713,28211,1792,68480,14,9
2025-12-26T22:15:29,3718,28211,1792,68480,14,9
2025-12-26T22:15:35,3723,28211,1792,68480,14,9
2025-12-26T22:15:40,3729,28211,1792,68480,14,9
2025-12-26T22:15:45,3734,28211,1792,68480,14,9
2025-12-26T22:15:50,3739,28211,1792,68480,14,9
2025-12-26T22:15:55,3744,28211,1792,68480,14,9
2025-12-26T22:16:00,3749,28211,1792,68480,14,9
2025-12-26T22:16:05,3754,28211,1792,68480,14,9
2025-12-26T22:16:10,3759,28211,1792,68480,14,9
2025-12-26T22:16:15,3764,28211,1792,68480,14,9
2025-12-26T22:16:20,3769,28211,1792,68480,14,9
2025-12-26T22:16:25,3774,28211,1792,68480,14,9
2025-12-26T22:16:30,3779,28211,1792,68480,14,9
2025-12-26T22:16:35,3784,28211,1792,68480,14,9
2025-12-26T22:16:40,3789,28211,1792,68480,14,9
2025-12-26T22:16:45,3794,28211,1792,68480,14,9
2025-12-26T22:16:50,3799,28211,1792,68480,14,9
2025-12-26T22:16:55,3804,28211,1792,68480,14,9
2025-12-26T22:17:00,3809,28211,1792,68480,14,9
2025-12-26T22:17:05,3814,28211,1792,68480,14,9
2025-12-26T22:17:10,3819,28211,1792,68480,14,9
2025-12-26T22:17:15,3824,28211,1792,68480,14,9
2025-12-26T22:17:20,3829,28211,1792,68480,14,9
2025-12-26T22:17:25,3834,28211,1792,68480,14,9
2025-12-26T22:17:30,3839,28211,1792,68480,14,9
2025-12-26T22:17:35,3844,28211,1792,68480,14,9
2025-12-26T22:17:40,3849,28211,1792,68480,14,9
2025-12-26T22:17:45,3854,28211,1792,68480,14,9
2025-12-26T22:17:51,3859,28211,1792,68480,14,9
2025-12-26T22:17:56,3865,28211,1792,68480,14,9
2025-12-26T22:18:01,3870,28211,1792,68480,14,9
2025-12-26T22:18:06,3875,28211,1792,68480,14,9
2025-12-26T22:18:11,3880,28211,1792,68480,14,9
2025-12-26T22:18:16,3885,28211,1792,68480,14,9
2025-12-26T22:18:21,3890,28211,1792,68480,14,9
2025-12-26T22:18:26,3895,28211,1792,68480,14,9
2025-12-26T22:18:31,3900,28211,1792,68480,14,9
2025-12-26T22:18:36,3905,28211,1792,68480,14,9
2025-12-26T22:18:41,3910,28211,1792,68480,14,9
2025-12-26T22:18:46,3915,28211,1792,68480,14,9
2025-12-26T22:18:51,3920,28211,1792,68480,14,9
2025-12-26T22:18:56,3925,28211,1792,68480,14,9
2025-12-26T22:19:01,3930,28211,1792,68480,14,9
2025-12-26T22:19:06,3935,28211,1792,68480,14,9
2025-12-26T22:19:11,3940,28211,1792,68480,14,9
2025-12-26T22:19:16,3945,28211,1792,68480,14,9
2025-12-26T22:19:21,3950,28211,1792,68480,14,9
2025-12-26T22:19:26,3955,28211,1792,68480,14,9
2025-12-26T22:19:31,3960,28211,1792,68480,14,9
2025-12-26T22:19:37,3965,28211,1792,68480,14,9
2025-12-26T22:19:42,3971,28211,1792,68480,14,9
2025-12-26T22:19:47,3976,28211,1792,68480,14,9
2025-12-26T22:19:52,3981,28211,1792,68480,14,9
2025-12-26T22:19:57,3986,28211,1792,68480,14,9
2025-12-26T22:20:02,3991,28211,1792,68480,14,9
2025-12-26T22:20:07,3996,28211,1792,68480,14,9
2025-12-26T22:20:12,4001,28211,1792,68480,14,9
2025-12-26T22:20:17,4006,28211,1792,68480,14,9
2025-12-26T22:20:22,4011,28211,1792,68480,14,9
2025-12-26T22:20:27,4016,28211,1792,68480,14,9
2025-12-26T22:20:32,4021,28211,1792,68480,14,9
2025-12-26T22:20:37,4026,28211,1792,68480,14,9
2025-12-26T22:20:42,4031,28211,1792,68480,14,9
2025-12-26T22:20:47,4036,28211,1792,68480,14,9
2025-12-26T22:20:52,4041,28211,1792,68480,14,9
2025-12-26T22:20:57,4046,28211,1792,68480,14,9
2025-12-26T22:21:02,4051,28211,1792,68480,14,9
2025-12-26T22:21:07,4056,28211,1792,68480,14,9
2025-12-26T22:21:12,4061,28211,1792,68480,14,9
2025-12-26T22:21:18,4066,28211,1792,68480,14,9
2025-12-26T22:21:23,4072,28211,1792,68480,14,9
2025-12-26T22:21:28,4077,28211,1792,68480,14,9
2025-12-26T22:21:33,4082,28211,1792,68480,14,9
2025-12-26T22:21:38,4087,28211,1792,68480,14,9
2025-12-26T22:21:43,4092,28211,1792,68480,14,9
2025-12-26T22:21:48,4097,28211,1792,68480,14,9
2025-12-26T22:21:53,4102,28211,1792,68480,14,9
2025-12-26T22:21:58,4107,28211,1792,68480,14,9
2025-12-26T22:22:03,4112,28211,1792,68480,14,9
2025-12-26T22:22:08,4117,28211,1792,68480,14,9
2025-12-26T22:22:13,4122,28211,1792,68480,14,9
2025-12-26T22:22:18,4127,28211,1792,68480,14,9
2025-12-26T22:22:23,4132,28211,1792,68480,14,9
2025-12-26T22:22:28,4137,28211,1792,68480,14,9
2025-12-26T22:22:33,4142,28211,1792,68480,14,9
2025-12-26T22:22:38,4147,28211,1792,68480,14,9
2025-12-26T22:22:43,4152,28211,1792,68480,14,9
2025-12-26T22:22:48,4157,28211,1792,68480,14,9
2025-12-26T22:22:53,4162,28211,1792,68480,14,9
2025-12-26T22:22:59,4167,28211,1792,68480,14,9
2025-12-26T22:23:04,4173,28211,1792,68480,14,9
2025-12-26T22:23:09,4178,28211,1792,68480,14,9
2025-12-26T22:23:14,4183,28211,1792,68480,14,9
2025-12-26T22:23:19,4188,28211,1792,68480,14,9
2025-12-26T22:23:24,4193,28211,1792,68480,14,9
2025-12-26T22:23:29,4198,28211,1792,68480,14,9
2025-12-26T22:23:34,4203,28211,1792,68480,14,9
2025-12-26T22:23:39,4208,28211,1792,68480,14,9
2025-12-26T22:23:44,4213,28211,1792,68480,14,9
2025-12-26T22:23:49,4218,28211,1792,68480,14,9
2025-12-26T22:23:54,4223,28211,1792,68480,14,9
2025-12-26T22:23:59,4228,28211,1792,68480,14,9
2025-12-26T22:24:04,4233,28211,1792,68480,14,9
2025-12-26T22:24:09,4238,28211,1792,68480,14,9
2025-12-26T22:24:14,4243,28211,1792,68480,14,9
2025-12-26T22:24:19,4248,28211,1792,68480,14,9
2025-12-26T22:24:24,4253,28211,1792,68480,14,9
2025-12-26T22:24:29,4258,28211,1792,68480,14,9
2025-12-26T22:24:34,4263,28211,1792,68480,14,9
2025-12-26T22:24:39,4268,28211,1792,68480,14,9
2025-12-26T22:24:45,4273,28211,1792,68480,14,9
2025-12-26T22:24:50,4279,28211,1792,68480,14,9
2025-12-26T22:24:55,4284,28211,1792,68480,14,9
2025-12-26T22:25:00,4289,28211,1792,68480,14,9
2025-12-26T22:25:05,4294,28211,1792,68480,14,9
2025-12-26T22:25:10,4299,28211,1792,68480,14,9
2025-12-26T22:25:15,4304,28211,1792,68480,14,9
2025-12-26T22:25:20,4309,28211,1792,68480,14,9
2025-12-26T22:25:25,4314,28211,1792,68480,14,9
2025-12-26T22:25:30,4319,28211,1792,68480,14,9
2025-12-26T22:25:35,4324,28211,1792,68480,14,9
2025-12-26T22:25:40,4329,28211,1792,68480,14,9
2025-12-26T22:25:45,4334,28211,1792,68480,14,9
2025-12-26T22:25:50,4339,28211,1792,68480,14,9
2025-12-26T22:25:55,4344,28211,1792,68480,14,9
2025-12-26T22:26:00,4349,28211,1792,68480,14,9
2025-12-26T22:26:05,4354,28211,1792,68480,14,9
2025-12-26T22:26:10,4359,28211,1792,68480,14,9
2025-12-26T22:26:15,4364,28211,1792,68480,14,9
2025-12-26T22:26:20,4369,28211,1792,68480,14,9
2025-12-26T22:26:25,4374,28211,1792,68480,14,9
2025-12-26T22:26:31,4379,28211,1792,68480,14,9
2025-12-26T22:26:36,4385,28211,1792,68480,14,9
2025-12-26T22:26:41,4390,28211,1792,68480,14,9
2025-12-26T22:26:46,4395,28211,1792,68480,14,9
2025-12-26T22:26:51,4400,28211,1792,68480,14,9
2025-12-26T22:26:56,4405,28211,1792,68480,14,9
2025-12-26T22:27:01,4410,28211,1792,68480,14,9
2025-12-26T22:27:06,4415,28211,1792,68480,14,9
2025-12-26T22:27:11,4420,28211,1792,68480,14,9
2025-12-26T22:27:16,4425,28211,1792,68480,14,9
2025-12-26T22:27:21,4430,28211,1792,68480,14,9
2025-12-26T22:27:26,4435,28211,1792,68480,14,9
2025-12-26T22:27:31,4440,28211,1792,68480,14,9
2025-12-26T22:27:36,4445,28211,1792,68480,14,9
2025-12-26T22:27:41,4450,28211,1792,68480,14,9
2025-12-26T22:27:46,4455,28211,1792,68480,14,9
2025-12-26T22:27:51,4460,28211,1792,68480,14,9
2025-12-26T22:27:56,4465,28211,1792,68480,14,9
2025-12-26T22:28:01,4470,28211,1792,68480,14,9
2025-12-26T22:28:07,4475,28211,1792,68480,14,9
2025-12-26T22:28:12,4481,28211,1792,68480,14,9
2025-12-26T22:28:17,4486,28211,1792,68480,14,9
2025-12-26T22:28:22,4491,28211,1792,68480,14,9
2025-12-26T22:28:27,4496,28211,1792,68480,14,9
2025-12-26T22:28:32,4501,28211,1792,68480,14,9
2025-12-26T22:28:37,4506,28211,1792,68480,14,9
2025-12-26T22:28:42,4511,28211,1792,68480,14,9
2025-12-26T22:28:47,4516,28211,1792,68480,14,9
2025-12-26T22:28:52,4521,28211,1792,68480,14,9
2025-12-26T22:28:57,4526,28211,1792,68480,14,9
2025-12-26T22:29:02,4531,28211,1792,68480,14,9
2025-12-26T22:29:07,4536,28211,1792,68480,14,9
2025-12-26T22:29:12,4541,28211,1792,68480,14,9
2025-12-26T22:29:17,4546,28211,1792,68480,14,9
2025-12-26T22:29:22,4551,28211,1792,68480,14,9
2025-12-26T22:29:27,4556,28211,1792,68480,14,9
2025-12-26T22:29:32,4561,28211,1792,68480,14,9
2025-12-26T22:29:37,4566,28211,1792,68480,14,9
2025-12-26T22:29:42,4571,28211,1792,68480,14,9
2025-12-26T22:29:48,4576,28211,1792,68480,14,9
2025-12-26T22:29:53,4582,28211,1792,68480,14,9
2025-12-26T22:29:58,4587,28211,1792,68480,14,9
2025-12-26T22:30:03,4592,28211,1792,68480,14,9
2025-12-26T22:30:08,4597,28211,1792,68480,14,9
2025-12-26T22:30:13,4602,28211,1792,68480,14,9
2025-12-26T22:30:18,4607,28211,1792,68480,14,9
2025-12-26T22:30:23,4612,28211,1792,68480,14,9
2025-12-26T22:30:28,4617,28211,1792,68480,14,9
2025-12-26T22:30:33,4622,28211,1792,68480,14,9
2025-12-26T22:30:38,4627,28211,1792,68480,14,9
2025-12-26T22:30:43,4632,28211,1792,68480,14,9
2025-12-26T22:30:48,4637,28211,1792,68480,14,9
2025-12-26T22:30:53,4642,28211,1792,68480,14,9
2025-12-26T22:30:58,4647,28211,1792,68480,14,9
2025-12-26T22:31:03,4652,28211,1792,68480,14,9
2025-12-26T22:31:08,4657,28211,1792,68480,14,9
2025-12-26T22:31:13,4662,28211,1792,68480,14,9
2025-12-26T22:31:18,4667,28211,1792,68480,14,9
2025-12-26T22:31:23,4672,28211,1792,68480,14,9
2025-12-26T22:31:28,4677,28211,1792,68480,14,9
2025-12-26T22:31:34,4682,28211,1792,68480,14,9
2025-12-26T22:31:39,4688,28211,1792,68480,14,9
2025-12-26T22:31:44,4693,28211,1792,68480,14,9
2025-12-26T22:31:49,4698,28211,1792,68480,14,9
2025-12-26T22:31:54,4703,28211,1792,68480,14,9
2025-12-26T22:31:59,4708,28211,1792,68480,14,9
2025-12-26T22:32:04,4713,28211,1792,68480,14,9
2025-12-26T22:32:09,4718,28211,1792,68480,14,9
2025-12-26T22:32:14,4723,28211,1792,68480,14,9
2025-12-26T22:32:19,4728,28211,1792,68480,14,9
2025-12-26T22:32:24,4733,28211,1792,68480,14,9
2025-12-26T22:32:29,4738,28211,1792,68480,14,9
2025-12-26T22:32:34,4743,28211,1792,68480,14,9
2025-12-26T22:32:39,4748,28211,1792,68480,14,9
2025-12-26T22:32:44,4753,28211,1792,68480,14,9
2025-12-26T22:32:49,4758,28211,1792,68480,14,9
2025-12-26T22:32:54,4763,28211,1792,68480,14,9
2025-12-26T22:32:59,4768,28211,1792,68480,14,9
2025-12-26T22:33:04,4773,28211,1792,68480,14,9
2025-12-26T22:33:09,4778,28211,1792,68480,14,9
2025-12-26T22:33:14,4783,28211,1792,68480,14,9
2025-12-26T22:33:19,4788,28211,1792,68480,14,9
2025-12-26T22:33:24,4793,28211,1792,68480,14,9
2025-12-26T22:33:29,4798,28211,1792,68480,14,9
2025-12-26T22:33:34,4803,28211,1792,68480,14,9
2025-12-26T22:33:40,4809,28211,1792,68480,14,9
2025-12-26T22:33:45,4814,28211,1792,68480,14,9
2025-12-26T22:33:50,4819,28211,1792,68480,14,9
2025-12-26T22:33:55,4824,28211,1792,68480,14,9
2025-12-26T22:34:00,4829,28211,1792,68480,14,9
2025-12-26T22:34:05,4834,28211,1792,68480,14,9
2025-12-26T22:34:10,4839,28211,1792,68480,14,9
2025-12-26T22:34:15,4844,28211,1792,68480,14,9
2025-12-26T22:34:20,4849,28211,1792,68480,14,9
2025-12-26T22:34:25,4854,28211,1792,68480,14,9
2025-12-26T22:34:30,4859,28211,1792,68480,14,9
2025-12-26T22:34:35,4864,28211,1792,68480,14,9
2025-12-26T22:34:40,4869,28211,1792,68480,14,9
2025-12-26T22:34:45,4874,28211,1792,68480,14,9
2025-12-26T22:34:50,4879,28211,1792,68480,14,9
2025-12-26T22:34:55,4884,28211,1792,68480,14,9
2025-12-26T22:35:00,4889,28211,1792,68480,14,9
2025-12-26T22:35:05,4894,28211,1792,68480,14,9
2025-12-26T22:35:10,4899,28211,1792,68480,14,9
2025-12-26T22:35:16,4904,28211,1792,68480,14,9
2025-12-26T22:35:21,4910,28211,1792,68480,14,9
2025-12-26T22:35:26,4915,28211,1792,68480,14,9
2025-12-26T22:35:31,4920,28211,1792,68480,14,9
2025-12-26T22:35:36,4925,28211,1792,68480,14,9
2025-12-26T22:35:41,4930,28211,1792,68480,14,9
2025-12-26T22:35:46,4935,28211,1792,68480,14,9
2025-12-26T22:35:51,4940,28211,1792,68480,14,9
2025-12-26T22:35:56,4945,28211,1792,68480,14,9
2025-12-26T22:36:01,4950,28211,1792,68480,14,9
2025-12-26T22:36:06,4955,28211,1792,68480,14,9
2025-12-26T22:36:11,4960,28211,1792,68480,14,9
2025-12-26T22:36:16,4965,28211,1792,68480,14,9
2025-12-26T22:36:21,4970,28211,1792,68480,14,9
2025-12-26T22:36:26,4975,28211,1792,68480,14,9
2025-12-26T22:36:31,4980,28211,1792,68480,14,9
2025-12-26T22:36:36,4985,28211,1792,68480,14,9
2025-12-26T22:36:41,4990,28211,1792,68480,14,9
2025-12-26T22:36:46,4995,28211,1792,68480,14,9
2025-12-26T22:36:51,5000,28211,1792,68480,14,9
2025-12-26T22:36:57,5005,28211,1792,68480,14,9
2025-12-26T22:37:02,5011,28211,1792,68480,14,9
2025-12-26T22:37:07,5016,28211,1792,68480,14,9
2025-12-26T22:37:12,5021,28211,1792,68480,14,9
2025-12-26T22:37:17,5026,28211,1792,68480,14,9
2025-12-26T22:37:22,5031,28211,1792,68480,14,9
2025-12-26T22:37:27,5036,28211,1792,68480,14,9
2025-12-26T22:37:32,5041,28211,1792,68480,14,9
2025-12-26T22:37:37,5046,28211,1792,68480,14,9
2025-12-26T22:37:42,5051,28211,1792,68480,14,9
2025-12-26T22:37:47,5056,28211,1792,68480,14,9
2025-12-26T22:37:52,5061,28211,1792,68480,14,9
2025-12-26T22:37:57,5066,28211,1792,68480,14,9
2025-12-26T22:38:02,5071,28211,1792,68480,14,9
2025-12-26T22:38:07,5076,28211,1792,68480,14,9
2025-12-26T22:38:12,5081,28211,1792,68480,14,9
2025-12-26T22:38:17,5086,28211,1792,68480,14,9
2025-12-26T22:38:23,5091,28211,1792,68480,14,9
2025-12-26T22:38:28,5097,28211,1792,68480,14,9
2025-12-26T22:38:33,5102,28211,1792,68480,14,9
2025-12-26T22:38:38,5107,28211,1792,68480,14,9
2025-12-26T22:38:43,5112,28211,1792,68480,14,9
2025-12-26T22:38:48,5117,28211,1792,68480,14,9
2025-12-26T22:38:53,5122,28211,1792,68480,14,9
2025-12-26T22:38:58,5127,28211,1792,68480,14,9
2025-12-26T22:39:03,5132,28211,1792,68480,14,9
2025-12-26T22:39:08,5137,28211,1792,68480,14,9
2025-12-26T22:39:13,5142,28211,1792,68480,14,9
2025-12-26T22:39:18,5147,28211,1792,68480,14,9
2025-12-26T22:39:23,5152,28211,1792,68480,14,9
2025-12-26T22:39:28,5157,28211,1792,68480,14,9
2025-12-26T22:39:33,5162,28211,1792,68480,14,9
2025-12-26T22:39:38,5167,28211,1792,68480,14,9
2025-12-26T22:39:43,5172,28211,1792,68480,14,9
2025-12-26T22:39:48,5177,28211,1792,68480,14,9
2025-12-26T22:39:53,5182,28211,1792,68480,14,9
2025-12-26T22:39:58,5187,28211,1792,68480,14,9
2025-12-26T22:40:03,5192,28211,1792,68480,14,9
2025-12-26T22:40:08,5197,28211,1792,68480,14,9
2025-12-26T22:40:14,5203,28211,1792,68480,14,9
2025-12-26T22:40:19,5208,28211,1792,68480,14,9
2025-12-26T22:40:24,5213,28211,1792,68480,14,9
2025-12-26T22:40:29,5218,28211,1792,68480,14,9
2025-12-26T22:40:34,5223,28211,1792,68480,14,9
2025-12-26T22:40:39,5228,28211,1792,68480,14,9
2025-12-26T22:40:44,5233,28211,1792,68480,14,9
2025-12-26T22:40:49,5238,28211,1792,68480,14,9
2025-12-26T22:40:54,5243,28211,1792,68480,14,9
2025-12-26T22:40:59,5248,28211,1792,68480,14,9
2025-12-26T22:41:04,5253,28211,1792,68480,14,9
2025-12-26T22:41:09,5258,28211,1792,68480,14,9
2025-12-26T22:41:14,5263,28211,1792,68480,14,9
2025-12-26T22:41:19,5268,28211,1792,68480,14,9
2025-12-26T22:41:24,5273,28211,1792,68480,14,9
2025-12-26T22:41:29,5278,28211,1792,68480,14,9
2025-12-26T22:41:34,5283,28211,1792,68480,14,9
2025-12-26T22:41:39,5288,28211,1792,68480,14,9
2025-12-26T22:41:44,5293,28211,1792,68480,14,9
2025-12-26T22:41:49,5298,28211,1792,68480,14,9
2025-12-26T22:41:54,5303,28211,1792,68480,14,9
2025-12-26T22:41:59,5308,28211,1792,68480,14,9
2025-12-26T22:42:05,5313,28211,1792,68480,14,9
2025-12-26T22:42:10,5319,28211,1792,68480,14,9
2025-12-26T22:42:15,5324,28211,1792,68480,14,9
2025-12-26T22:42:20,5329,28211,1792,68480,14,9
2025-12-26T22:42:25,5334,28211,1792,68480,14,9
2025-12-26T22:42:30,5339,28211,1792,68480,14,9
2025-12-26T22:42:35,5344,28211,1792,68480,14,9
2025-12-26T22:42:40,5349,28211,1792,68480,14,9
2025-12-26T22:42:45,5354,28211,1792,68480,14,9
2025-12-26T22:42:50,5359,28211,1792,68480,14,9
2025-12-26T22:42:55,5364,28211,1792,68480,14,9
2025-12-26T22:43:00,5369,28211,1792,68480,14,9
2025-12-26T22:43:05,5374,28211,1792,68480,14,9
2025-12-26T22:43:10,5379,28211,1792,68480,14,9
2025-12-26T22:43:15,5384,28211,1792,68480,14,9
2025-12-26T22:43:20,5389,28211,1792,68480,14,9
2025-12-26T22:43:25,5394,28211,1792,68480,14,9
2025-12-26T22:43:30,5399,28211,1792,68480,14,9
2025-12-26T22:43:35,5404,28211,1792,68480,14,9
2025-12-26T22:43:40,5409,28211,1792,68480,14,9
2025-12-26T22:43:45,5414,28211,1792,68480,14,9
2025-12-26T22:43:50,5419,28211,1792,68480,14,9
2025-12-26T22:43:55,5424,28211,1792,68480,14,9
2025-12-26T22:44:01,5429,28211,1792,68480,14,9
2025-12-26T22:44:06,5435,28211,1792,68480,14,9
2025-12-26T22:44:11,5440,28211,1792,68480,14,9
2025-12-26T22:44:16,5445,28211,1792,68480,14,9
2025-12-26T22:44:21,5450,28211,1792,68480,14,9
2025-12-26T22:44:26,5455,28211,1792,68480,14,9
2025-12-26T22:44:31,5460,28211,1792,68480,14,9
2025-12-26T22:44:36,5465,28211,1792,68480,14,9
2025-12-26T22:44:41,5470,28211,1792,68480,14,9
2025-12-26T22:44:46,5475,28211,1792,68480,14,9
2025-12-26T22:44:51,5480,28211,1792,68480,14,9
2025-12-26T22:44:56,5485,28211,1792,68480,14,9
2025-12-26T22:45:01,5490,28211,1792,68480,14,9
2025-12-26T22:45:06,5495,28211,1792,68480,14,9
2025-12-26T22:45:11,5500,28211,1792,68480,14,9
2025-12-26T22:45:16,5505,28211,1792,68480,14,9
2025-12-26T22:45:21,5510,28211,1792,68480,14,9
2025-12-26T22:45:26,5515,28211,1792,68480,14,9
2025-12-26T22:45:31,5520,28211,1792,68480,14,9
2025-12-26T22:45:36,5525,28211,1792,68480,14,9
2025-12-26T22:45:41,5530,28211,1792,68480,14,9
2025-12-26T22:45:47,5535,28211,1792,68480,14,9
2025-12-26T22:45:52,5541,28211,1792,68480,14,9
2025-12-26T22:45:57,5546,28211,1792,68480,14,9
2025-12-26T22:46:02,5551,28211,1792,68480,14,9
2025-12-26T22:46:07,5556,28211,1792,68480,14,9
2025-12-26T22:46:12,5561,28211,1792,68480,14,9
2025-12-26T22:46:17,5566,28211,1792,68480,14,9
2025-12-26T22:46:22,5571,28211,1792,68480,14,9
2025-12-26T22:46:27,5576,28211,1792,68480,14,9
2025-12-26T22:46:32,5581,28211,1792,68480,14,9
2025-12-26T22:46:37,5586,28211,1792,68480,14,9
2025-12-26T22:46:42,5591,28211,1792,68480,14,9
2025-12-26T22:46:47,5596,28211,1792,68480,14,9
2025-12-26T22:46:52,5601,28211,1792,68480,14,9
2025-12-26T22:46:57,5606,28211,1792,68480,14,9
2025-12-26T22:47:02,5611,28211,1792,68480,14,9
2025-12-26T22:47:07,5616,28211,1792,68480,14,9
2025-12-26T22:47:12,5621,28211,1792,68480,14,9
2025-12-26T22:47:17,5626,28211,1792,68480,14,9
2025-12-26T22:47:22,5631,28211,1792,68480,14,9
2025-12-26T22:47:27,5636,28211,1792,68480,14,9
2025-12-26T22:47:33,5642,28211,1792,68480,14,9
2025-12-26T22:47:38,5647,28211,1792,68480,14,9
2025-12-26T22:47:43,5652,28211,1792,68480,14,9
2025-12-26T22:47:48,5657,28211,1792,68480,14,9
2025-12-26T22:47:53,5662,28211,1792,68480,14,9
2025-12-26T22:47:58,5667,28211,1792,68480,14,9
2025-12-26T22:48:03,5672,28211,1792,68480,14,9
2025-12-26T22:48:08,5677,28211,1792,68480,14,9
2025-12-26T22:48:13,5682,28211,1792,68480,14,9
2025-12-26T22:48:18,5687,28211,1792,68480,14,9
2025-12-26T22:48:23,5692,28211,1792,68480,14,9
2025-12-26T22:48:28,5697,28211,1792,68480,14,9
2025-12-26T22:48:33,5702,28211,1792,68480,14,9
2025-12-26T22:48:38,5707,28211,1792,68480,14,9
2025-12-26T22:48:43,5712,28211,1792,68480,14,9
2025-12-26T22:48:48,5717,28211,1792,68480,14,9
2025-12-26T22:48:53,5722,28211,1792,68480,14,9
2025-12-26T22:48:58,5727,28211,1792,68480,14,9
2025-12-26T22:49:03,5732,28211,1792,68480,14,9
2025-12-26T22:49:08,5737,28211,1792,68480,14,9
2025-12-26T22:49:13,5742,28211,1792,68480,14,9
2025-12-26T22:49:18,5747,28211,1792,68480,14,9
2025-12-26T22:49:23,5752,28211,1792,68480,14,9
2025-12-26T22:49:28,5757,28211,1792,68480,14,9
2025-12-26T22:49:34,5762,28211,1792,68480,14,9
2025-12-26T22:49:39,5768,28211,1792,68480,14,9
2025-12-26T22:49:44,5773,28211,1792,68480,14,9
2025-12-26T22:49:49,5778,28211,1792,68480,14,9
2025-12-26T22:49:54,5783,28211,1792,68480,14,9
2025-12-26T22:49:59,5788,28211,1792,68480,14,9
2025-12-26T22:50:04,5793,28211,1792,68480,14,9
2025-12-26T22:50:09,5798,28211,1792,68480,14,9
2025-12-26T22:50:14,5803,28211,1792,68480,14,9
2025-12-26T22:50:19,5808,28211,1792,68480,14,9
2025-12-26T22:50:24,5813,28211,1792,68480,14,9
2025-12-26T22:50:29,5818,28211,1792,68480,14,9
2025-12-26T22:50:34,5823,28211,1792,68480,14,9
2025-12-26T22:50:39,5828,28211,1792,68480,14,9
2025-12-26T22:50:44,5833,28211,1792,68480,14,9
2025-12-26T22:50:49,5838,28211,1792,68480,14,9
2025-12-26T22:50:54,5843,28211,1792,68480,14,9
2025-12-26T22:50:59,5848,28211,1792,68480,14,9
2025-12-26T22:51:04,5853,28211,1792,68480,14,9
2025-12-26T22:51:09,5858,28211,1792,68480,14,9
2025-12-26T22:51:14,5863,28211,1792,68480,14,9
2025-12-26T22:51:20,5868,28211,1792,68480,14,9
2025-12-26T22:51:25,5874,28211,1792,68480,14,9
2025-12-26T22:51:30,5879,28211,1792,68480,14,9
2025-12-26T22:51:35,5884,28211,1792,68480,14,9
2025-12-26T22:51:40,5889,28211,1792,68480,14,9
2025-12-26T22:51:45,5894,28211,1792,68480,14,9
2025-12-26T22:51:50,5899,28211,1792,68480,14,9
2025-12-26T22:51:55,5904,28211,1792,68480,14,9
2025-12-26T22:52:00,5909,28211,1792,68480,14,9
2025-12-26T22:52:05,5914,28211,1792,68480,14,9
2025-12-26T22:52:10,5919,28211,1792,68480,14,9
2025-12-26T22:52:15,5924,28211,1792,68480,14,9
2025-12-26T22:52:20,5929,28211,1792,68480,14,9
2025-12-26T22:52:25,5934,28211,1792,68480,14,9
2025-12-26T22:52:30,5939,28211,1792,68480,14,9
2025-12-26T22:52:35,5944,28211,1792,68480,14,9
2025-12-26T22:52:40,5949,28211,1792,68480,14,9
2025-12-26T22:52:45,5954,28211,1792,68480,14,9
2025-12-26T22:52:50,5959,28211,1792,68480,14,9
2025-12-26T22:52:55,5964,28211,1792,68480,14,9
2025-12-26T22:53:00,5969,28211,1792,68480,14,9
2025-12-26T22:53:05,5974,28211,1792,68480,14,9
2025-12-26T22:53:11,5979,28211,1792,68480,14,9
2025-12-26T22:53:16,5985,28211,1792,68480,14,9
2025-12-26T22:53:21,5990,28211,1792,68480,14,9
2025-12-26T22:53:26,5995,28211,1792,68480,14,9
2025-12-26T22:53:31,6000,28211,1792,68480,14,9
2025-12-26T22:53:36,6005,28211,1792,68480,14,9
2025-12-26T22:53:41,6010,28211,1792,68480,14,9
2025-12-26T22:53:46,6015,28211,1792,68480,14,9
2025-12-26T22:53:51,6020,28211,1792,68480,14,9
2025-12-26T22:53:56,6025,28211,1792,68480,14,9
2025-12-26T22:54:01,6030,28211,1792,68480,14,9
2025-12-26T22:54:06,6035,28211,1792,68480,14,9
2025-12-26T22:54:11,6040,28211,1792,68480,14,9
2025-12-26T22:54:16,6045,28211,1792,68480,14,9
2025-12-26T22:54:21,6050,28211,1792,68480,14,9
2025-12-26T22:54:26,6055,28211,1792,68480,14,9
2025-12-26T22:54:31,6060,28211,1792,68480,14,9
2025-12-26T22:54:36,6065,28211,1792,68480,14,9
2025-12-26T22:54:41,6070,28211,1792,68480,14,9
2025-12-26T22:54:46,6075,28211,1792,68480,14,9
2025-12-26T22:54:52,6080,28211,1792,68480,14,9
2025-12-26T22:54:57,6086,28211,1792,68480,14,9
2025-12-26T22:55:02,6091,28211,1792,68480,14,9
2025-12-26T22:55:07,6096,28211,1792,68480,14,9
2025-12-26T22:55:12,6101,28211,1792,68480,14,9
2025-12-26T22:55:17,6106,28211,1792,68480,14,9
2025-12-26T22:55:22,6111,28211,1792,68480,14,9
2025-12-26T22:55:27,6116,28211,1792,68480,14,9
2025-12-26T22:55:32,6121,28211,1792,68480,14,9
2025-12-26T22:55:37,6126,28211,1792,68480,14,9
2025-12-26T22:55:42,6131,28211,1792,68480,14,9
2025-12-26T22:55:47,6136,28211,1792,68480,14,9
2025-12-26T22:55:52,6141,28211,1792,68480,14,9
2025-12-26T22:55:57,6146,28211,1792,68480,14,9
2025-12-26T22:56:02,6151,28211,1792,68480,14,9
2025-12-26T22:56:07,6156,28211,1792,68480,14,9
2025-12-26T22:56:12,6161,28211,1792,68480,14,9
2025-12-26T22:56:17,6166,28211,1792,68480,14,9
2025-12-26T22:56:22,6171,28211,1792,68480,14,9
2025-12-26T22:56:27,6176,28211,1792,68480,14,9
2025-12-26T22:56:32,6181,28211,1792,68480,14,9
2025-12-26T22:56:37,6186,28211,1792,68480,14,9
2025-12-26T22:56:42,6191,28211,1792,68480,14,9
2025-12-26T22:56:47,6196,28211,1792,68480,14,9
2025-12-26T22:56:52,6201,28211,1792,68480,14,9
2025-12-26T22:56:58,6206,28211,1792,68480,14,9
2025-12-26T22:57:03,6212,28211,1792,68480,14,9
2025-12-26T22:57:08,6217,28211,1792,68480,14,9
2025-12-26T22:57:13,6222,28211,1792,68480,14,9
2025-12-26T22:57:18,6227,28211,1792,68480,14,9
2025-12-26T22:57:23,6232,28211,1792,68480,14,9
2025-12-26T22:57:28,6237,28211,1792,68480,14,9
2025-12-26T22:57:33,6242,28211,1792,68480,14,9
2025-12-26T22:57:38,6247,28211,1792,68480,14,9
2025-12-26T22:57:43,6252,28211,1792,68480,14,9
2025-12-26T22:57:48,6257,28211,1792,68480,14,9
2025-12-26T22:57:53,6262,28211,1792,68480,14,9
2025-12-26T22:57:58,6267,28211,1792,68480,14,9
2025-12-26T22:58:03,6272,28211,1792,68480,14,9
2025-12-26T22:58:08,6277,28211,1792,68480,14,9
2025-12-26T22:58:13,6282,28211,1792,68480,14,9
2025-12-26T22:58:18,6287,28211,1792,68480,14,9
2025-12-26T22:58:23,6292,28211,1792,68480,14,9
2025-12-26T22:58:29,6297,28211,1792,68480,14,9
2025-12-26T22:58:34,6303,28211,1792,68480,14,9
2025-12-26T22:58:39,6308,28211,1792,68480,14,9
2025-12-26T22:58:44,6313,28211,1792,68480,14,9
2025-12-26T22:58:49,6318,28211,1792,68480,14,9
2025-12-26T22:58:54,6323,28211,1792,68480,14,9
2025-12-26T22:58:59,6328,28211,1792,68480,14,9
2025-12-26T22:59:04,6333,28211,1792,68480,14,9
2025-12-26T22:59:09,6338,28211,1792,68480,14,9
2025-12-26T22:59:14,6343,28211,1792,68480,14,9
2025-12-26T22:59:19,6348,28211,1792,68480,14,9
2025-12-26T22:59:24,6353,28211,1792,68480,14,9
2025-12-26T22:59:29,6358,28211,1792,68480,14,9
2025-12-26T22:59:34,6363,28211,1792,68480,14,9
2025-12-26T22:59:39,6368,28211,1792,68480,14,9
2025-12-26T22:59:44,6373,28211,1792,68480,14,9
2025-12-26T22:59:49,6378,28211,1792,68480,14,9
2025-12-26T22:59:54,6383,28211,1792,68480,14,9
2025-12-26T22:59:59,6388,28211,1792,68480,14,9
2025-12-26T23:00:04,6393,28211,1792,68480,14,9
2025-12-26T23:00:09,6398,28211,1792,68480,14,9
2025-12-26T23:00:15,6403,28211,1792,68480,14,9
2025-12-26T23:00:20,6409,28211,1792,68480,14,9
2025-12-26T23:00:25,6414,28211,1792,68480,14,9
2025-12-26T23:00:30,6419,28211,1792,68480,14,9
2025-12-26T23:00:35,6424,28211,1792,68480,14,9
2025-12-26T23:00:40,6429,28211,1792,68480,14,9
2025-12-26T23:00:45,6434,28211,1792,68480,14,9
2025-12-26T23:00:50,6439,28211,1792,68480,14,9
2025-12-26T23:00:55,6444,28211,1792,68480,14,9
2025-12-26T23:01:00,6449,28211,1792,68480,14,9
2025-12-26T23:01:05,6454,28211,1792,68480,14,9
2025-12-26T23:01:10,6459,28211,1792,68480,14,9
2025-12-26T23:01:15,6464,28211,1792,68480,14,9
2025-12-26T23:01:20,6469,28211,1792,68480,14,9
2025-12-26T23:01:25,6474,28211,1792,68480,14,9
2025-12-26T23:01:30,6479,28211,1792,68480,14,9
2025-12-26T23:01:35,6484,28211,1792,68480,14,9
2025-12-26T23:01:40,6489,28211,1792,68480,14,9
2025-12-26T23:01:46,6494,28211,1792,68480,14,9
2025-12-26T23:01:51,6500,28211,1792,68480,14,9
2025-12-26T23:01:56,6505,28211,1792,68480,14,9
2025-12-26T23:02:01,6510,28211,1792,68480,14,9
2025-12-26T23:02:06,6515,28211,1792,68480,14,9
2025-12-26T23:02:11,6520,28211,1792,68480,14,9
2025-12-26T23:02:16,6525,28211,1792,68480,14,9
2025-12-26T23:02:21,6530,28211,1792,68480,14,9
2025-12-26T23:02:26,6535,28211,1792,68480,14,9
2025-12-26T23:02:31,6540,28211,1792,68480,14,9
2025-12-26T23:02:36,6545,28211,1792,68480,14,9
2025-12-26T23:02:41,6550,28211,1792,68480,14,9
2025-12-26T23:02:46,6555,28211,1792,68480,14,9
2025-12-26T23:02:51,6560,28211,1792,68480,14,9
2025-12-26T23:02:56,6565,28211,1792,68480,14,9
2025-12-26T23:03:01,6570,28211,1792,68480,14,9
2025-12-26T23:03:06,6575,28211,1792,68480,14,9
2025-12-26T23:03:11,6580,28211,1792,68480,14,9
2025-12-26T23:03:16,6585,28211,1792,68480,14,9
2025-12-26T23:03:21,6590,28211,1792,68480,14,9
2025-12-26T23:03:26,6595,28211,1792,68480,14,9
2025-12-26T23:03:32,6600,28211,1792,68480,14,9
2025-12-26T23:03:37,6606,28211,1792,68480,14,9
2025-12-26T23:03:42,6611,28211,1792,68480,14,9
2025-12-26T23:03:47,6616,28211,1792,68480,14,9
2025-12-26T23:03:52,6621,28211,1792,68480,14,9
2025-12-26T23:03:57,6626,28211,1792,68480,14,9
2025-12-26T23:04:02,6631,28211,1792,68480,14,9
2025-12-26T23:04:07,6636,28211,1792,68480,14,9
2025-12-26T23:04:12,6641,28211,1792,68480,14,9
2025-12-26T23:04:17,6646,28211,1792,68480,14,9
2025-12-26T23:04:22,6651,28211,1792,68480,14,9
2025-12-26T23:04:27,6656,28211,1792,68480,14,9
2025-12-26T23:04:32,6661,28211,1792,68480,14,9
2025-12-26T23:04:37,6666,28211,1792,68480,14,9
2025-12-26T23:04:42,6671,28211,1792,68480,14,9
2025-12-26T23:04:47,6676,28211,1792,68480,14,9
2025-12-26T23:04:52,6681,28211,1792,68480,14,9
2025-12-26T23:04:57,6686,28211,1792,68480,14,9
2025-12-26T23:05:02,6691,28211,1792,68480,14,9
2025-12-26T23:05:07,6696,28211,1792,68480,14,9
2025-12-26T23:05:12,6701,28211,1792,68480,14,9
2025-12-26T23:05:17,6706,28211,1792,68480,14,9
2025-12-26T23:05:23,6711,28211,1792,68480,14,9
2025-12-26T23:05:28,6717,28211,1792,68480,14,9
2025-12-26T23:05:33,6722,28211,1792,68480,14,9
2025-12-26T23:05:38,6727,28211,1792,68480,14,9
2025-12-26T23:05:43,6732,28211,1792,68480,14,9
2025-12-26T23:05:48,6737,28211,1792,68480,14,9
2025-12-26T23:05:53,6742,28211,1792,68480,14,9
2025-12-26T23:05:58,6747,28211,1792,68480,14,9
2025-12-26T23:06:03,6752,28211,1792,68480,14,9
2025-12-26T23:06:08,6757,28211,1792,68480,14,9
2025-12-26T23:06:13,6762,28211,1792,68480,14,9
2025-12-26T23:06:18,6767,28211,1792,68480,14,9
2025-12-26T23:06:23,6772,28211,1792,68480,14,9
2025-12-26T23:06:28,6777,28211,1792,68480,14,9
2025-12-26T23:06:33,6782,28211,1792,68480,14,9
2025-12-26T23:06:38,6787,28211,1792,68480,14,9
2025-12-26T23:06:43,6792,28211,1792,68480,14,9
2025-12-26T23:06:48,6797,28211,1792,68480,14,9
2025-12-26T23:06:53,6802,28211,1792,68480,14,9
2025-12-26T23:06:58,6807,28211,1792,68480,14,9
2025-12-26T23:07:04,6812,28211,1792,68480,14,9
2025-12-26T23:07:09,6818,28211,1792,68480,14,9
2025-12-26T23:07:14,6823,28211,1792,68480,14,9
2025-12-26T23:07:19,6828,28211,1792,68480,14,9
2025-12-26T23:07:24,6833,28211,1792,68480,14,9
2025-12-26T23:07:29,6838,28211,1792,68480,14,9
2025-12-26T23:07:34,6843,28211,1792,68480,14,9
2025-12-26T23:07:39,6848,28211,1792,68480,14,9
2025-12-26T23:07:44,6853,28211,1792,68480,14,9
2025-12-26T23:07:49,6858,28211,1792,68480,14,9
2025-12-26T23:07:54,6863,28211,1792,68480,14,9
2025-12-26T23:07:59,6868,28211,1792,68480,14,9
2025-12-26T23:08:04,6873,28211,1792,68480,14,9
2025-12-26T23:08:09,6878,28211,1792,68480,14,9
2025-12-26T23:08:14,6883,28211,1792,68480,14,9
2025-12-26T23:08:19,6888,28211,1792,68480,14,9
2025-12-26T23:08:24,6893,28211,1792,68480,14,9
2025-12-26T23:08:29,6898,28211,1792,68480,14,9
2025-12-26T23:08:34,6903,28211,1792,68480,14,9
2025-12-26T23:08:39,6908,28211,1792,68480,14,9
2025-12-26T23:08:44,6913,28211,1792,68480,14,9
2025-12-26T23:08:50,6918,28211,1792,68480,14,9
2025-12-26T23:08:55,6924,28211,1792,68480,14,9
2025-12-26T23:09:00,6929,28211,1792,68480,14,9
2025-12-26T23:09:05,6934,28211,1792,68480,14,9
2025-12-26T23:09:10,6939,28211,1792,68480,14,9
2025-12-26T23:09:15,6944,28211,1792,68480,14,9
2025-12-26T23:09:20,6949,28211,1792,68480,14,9
2025-12-26T23:09:25,6954,28211,1792,68480,14,9
2025-12-26T23:09:30,6959,28211,1792,68480,14,9
2025-12-26T23:09:35,6964,28211,1792,68480,14,9
2025-12-26T23:09:40,6969,28211,1792,68480,14,9
2025-12-26T23:09:45,6974,28211,1792,68480,14,9
2025-12-26T23:09:50,6979,28211,1792,68480,14,9
2025-12-26T23:09:55,6984,28211,1792,68480,14,9
2025-12-26T23:10:00,6989,28211,1792,68480,14,9
2025-12-26T23:10:05,6994,28211,1792,68480,14,9
2025-12-26T23:10:10,6999,28211,1792,68480,14,9
2025-12-26T23:10:15,7004,28211,1792,68480,14,9
2025-12-26T23:10:20,7009,28211,1792,68480,14,9
2025-12-26T23:10:25,7014,28211,1792,68480,14,9
2025-12-26T23:10:30,7019,28211,1792,68480,14,9
2025-12-26T23:10:35,7024,28211,1792,68480,14,9
2025-12-26T23:10:41,7029,28211,1792,68480,14,9
2025-12-26T23:10:46,7035,28211,1792,68480,14,9
2025-12-26T23:10:51,7040,28211,1792,68480,14,9
2025-12-26T23:10:56,7045,28211,1792,68480,14,9
2025-12-26T23:11:01,7050,28211,1792,68480,14,9
2025-12-26T23:11:06,7055,28211,1792,68480,14,9
2025-12-26T23:11:11,7060,28211,1792,68480,14,9
2025-12-26T23:11:16,7065,28211,1792,68480,14,9
2025-12-26T23:11:21,7070,28211,1792,68480,14,9
2025-12-26T23:11:26,7075,28211,1792,68480,14,9
2025-12-26T23:11:31,7080,28211,1792,68480,14,9
2025-12-26T23:11:36,7085,28211,1792,68480,14,9
2025-12-26T23:11:41,7090,28211,1792,68480,14,9
2025-12-26T23:11:46,7095,28211,1792,68480,14,9
2025-12-26T23:11:51,7100,28211,1792,68480,14,9
2025-12-26T23:11:56,7105,28211,1792,68480,14,9
2025-12-26T23:12:01,7110,28211,1792,68480,14,9
2025-12-26T23:12:06,7115,28211,1792,68480,14,9
2025-12-26T23:12:11,7120,28211,1792,68480,14,9
2025-12-26T23:12:17,7125,28211,1792,68480,14,9
2025-12-26T23:12:22,7131,28211,1792,68480,14,9
2025-12-26T23:12:27,7136,28211,1792,68480,14,9
2025-12-26T23:12:32,7141,28211,1792,68480,14,9
2025-12-26T23:12:37,7146,28211,1792,68480,14,9
2025-12-26T23:12:42,7151,28211,1792,68480,14,9
2025-12-26T23:12:47,7156,28211,1792,68480,14,9
2025-12-26T23:12:52,7161,28211,1792,68480,14,9
2025-12-26T23:12:57,7166,28211,1792,68480,14,9
2025-12-26T23:13:02,7171,28211,1792,68480,14,9
2025-12-26T23:13:07,7176,28211,1792,68480,14,9
2025-12-26T23:13:12,7181,28211,1792,68480,14,9
2025-12-26T23:13:17,7186,28211,1792,68480,14,9
2025-12-26T23:13:22,7191,28211,1792,68480,14,9
2025-12-26T23:13:27,7196,28211,1792,68480,14,9
